SAT1,NASA_KEN,Tropics,589,FFSS,Nominal Measurement,nil,nil,nil,nil,2020-01-01T00:00:00.000,0.0,spatial,500.0,500.0,500.0,km,57534.598123863274,km
SAT1,NASA_KEN,Tropics,662,FFSS,Nominal Measurement,nil,nil,nil,nil,2020-01-01T00:01:41.000,101.0,spatial,500.0,500.0,500.0,km,5605.9723627556905,km
SAT1,NASA_KEN,Tropics,806,FFSS,Nominal Measurement,nil,nil,nil,nil,2020-01-01T00:05:05.000,305.0,spatial,500.0,500.0,500.0,km,6625.418242078006,km
SAT1,NASA_WAL,Tropics,944,FFSS,Nominal Measurement,nil,nil,nil,nil,2020-01-01T00:09:05.000,545.0,spatial,500.0,500.0,500.0,km,6666.287686991698,km
SAT1,SSC_AUS,Tropics,1009,FFSS,Nominal Measurement,nil,nil,nil,nil,2020-01-01T00:10:54.000,654.0,spatial,500.0,500.0,500.0,km,5771.875043653316,km
SAT1,SSC_AUS,Tropics,1071,FFSS,Nominal Measurement,nil,nil,nil,nil,2020-01-01T00:13:08.000,788.0,spatial,500.0,500.0,500.0,km,5487.763995947666,km
SAT1,SSC_AUS,Tropics,1072,FFSS,Nominal Measurement,nil,nil,nil,nil,2020-01-01T00:14:21.000,861.0,spatial,500.0,500.0,500.0,km,5223.352163955998,km
SAT1,SSC_AUS,Tropics,1131,FFSS,Nominal Measurement,nil,nil,nil,nil,2020-01-01T00:16:17.000,977.0,spatial,500.0,500.0,500.0,km,6497.459255861337,km
SAT1,SSC_AUS,Tropics,1132,FFSS,Nominal Measurement,nil,nil,nil,nil,2020-01-01T00:17:34.000,1054.0,spatial,500.0,500.0,500.0,km,5191.999340933541,km
SAT1,SSC_AUS,Tropics,1187,FFSS,Nominal Measurement,nil,nil,nil,nil,2020-01-01T00:19:36.000,1176.0,spatial,500.0,500.0,500.0,km,6144.856836074919,km
SAT1,SSC_AUS,Tropics,1188,FFSS,Nominal Measurement,nil,nil,nil,nil,2020-01-01T00:20:37.000,1237.0,spatial,500.0,500.0,500.0,km,6305.750455806397,km
SAT1,SSC_AUS,Tropics,1189,FFSS,Nominal Measurement,nil,nil,nil,nil,2020-01-01T00:22:00.000,1320.0,spatial,500.0,500.0,500.0,km,6586.273989890228,km
SAT1,SSC_AUS,Tropics,1190,FFSS,Nominal Measurement,nil,nil,nil,nil,2020-01-01T00:23:25.000,1405.0,spatial,500.0,500.0,500.0,km,6717.1783507520495,km
SAT1,SSC_AUS,Tropics,1191,FFSS,Nominal Measurement,nil,nil,nil,nil,2020-01-01T00:24:49.000,1489.0,spatial,500.0,500.0,500.0,km,6661.519098308962,km
SAT1,SSC_AUS,Tropics,1192,FFSS,Nominal Measurement,nil,nil,nil,nil,2020-01-01T00:26:12.000,1572.0,spatial,500.0,500.0,500.0,km,5741.015402485819,km
SAT1,SSC_AUS,Tropics,1140,FFSS,Nominal Measurement,nil,nil,nil,nil,2020-01-01T00:28:29.000,1709.0,spatial,500.0,500.0,500.0,km,4831.615356921181,km
SAT1,SSC_AUS,Tropics,1141,FFSS,Nominal Measurement,nil,nil,nil,nil,2020-01-01T00:29:47.000,1787.0,spatial,500.0,500.0,500.0,km,6651.353944217707,km
SAT1,SSC_AUS,Tropics,1085,FFSS,Nominal Measurement,nil,nil,nil,nil,2020-01-01T00:32:03.000,1923.0,spatial,500.0,500.0,500.0,km,5561.956238375169,km
SAT1,SSC_AUS,Tropics,1086,FFSS,Nominal Measurement,nil,nil,nil,nil,2020-01-01T00:33:15.000,1995.0,spatial,500.0,500.0,500.0,km,5048.307728679756,km
SAT1,SSC_AUS,Tropics,1027,FFSS,Nominal Measurement,nil,nil,nil,nil,2020-01-01T00:34:45.000,2085.0,spatial,500.0,500.0,500.0,km,6213.427902780338,km
SAT1,SSC_AUS,Tropics,901,FFSS,Nominal Measurement,nil,nil,nil,nil,2020-01-01T00:39:37.000,2377.0,spatial,500.0,500.0,500.0,km,5178.521300886432,km
SAT1,SSC_AUS,Tropics,901,FFSS_22.0_FOR,Soil Moisture,36,2020-01-01T00:28:24.856,2020-01-01T00:28:25.618,2020-01-01T12:28:24.856,2020-01-01T00:39:37.000,2377.0,Accuracy,0.017,0.01,0.05,%,Infinity,%,Spatial,0.75,0.5,1.0,km,5178.521300886432,km,Temporal,10.0,6.0,12.0,hrs,0.1864949938998482,hrs
SAT1,SSC_AUS,Tropics,833,FFSS,Nominal Measurement,nil,nil,nil,nil,2020-01-01T00:41:16.000,2476.0,spatial,500.0,500.0,500.0,km,6419.966884676353,km
SAT1,SSC_AUS,Tropics,693,FFSS,Nominal Measurement,nil,nil,nil,nil,2020-01-01T00:44:51.000,2691.0,spatial,500.0,500.0,500.0,km,6738.161160922925,km
SAT1,SSC_AUS,Tropics,693,FFSS_22.0_FOR,Soil Moisture,8,2020-01-01T00:04:46.904,2020-01-01T00:04:47.640,2020-01-01T12:04:46.904,2020-01-01T00:44:51.000,2691.0,Accuracy,0.017,0.01,0.05,%,Infinity,%,Spatial,0.75,0.5,1.0,km,6738.161160922925,km,Temporal,10.0,6.0,12.0,hrs,0.667600031889399,hrs
SAT1,SSC_AUS,Tropics,622,FFSS_22.0_FOR,Soil Moisture,16,2020-01-01T00:12:52.557,2020-01-01T00:12:52.569,2020-01-01T12:12:52.557,2020-01-01T00:46:07.000,2767.0,Accuracy,0.017,0.01,0.05,%,Infinity,%,Spatial,0.75,0.5,1.0,km,4231.105325473775,km,Temporal,10.0,6.0,12.0,hrs,0.5540085064969371,hrs
SAT1,SSC_AUS,Tropics,623,FFSS,Nominal Measurement,nil,nil,nil,nil,2020-01-01T00:47:06.000,2826.0,spatial,500.0,500.0,500.0,km,5290.084090772991,km
SAT1,SSC_AUS,Tropics,551,FFSS,Nominal Measurement,nil,nil,nil,nil,2020-01-01T00:48:45.000,2925.0,spatial,500.0,500.0,500.0,km,6297.354872369,km
SAT1,SSC_AUS,Tropics,480,FFSS,Nominal Measurement,nil,nil,nil,nil,2020-01-01T00:50:25.000,3025.0,spatial,500.0,500.0,500.0,km,6771.686235199699,km
SAT1,SSC_AUS,Tropics,410,FFSS,Nominal Measurement,nil,nil,nil,nil,2020-01-01T00:52:05.000,3125.0,spatial,500.0,500.0,500.0,km,5994.217778702076,km
SAT1,SSC_AUS,Tropics,343,FFSS,Nominal Measurement,nil,nil,nil,nil,2020-01-01T00:54:31.000,3271.0,spatial,500.0,500.0,500.0,km,6146.496993776599,km
SAT1,SSC_AUS,Tropics,277,FFSS,Nominal Measurement,nil,nil,nil,nil,2020-01-01T00:55:55.000,3355.0,spatial,500.0,500.0,500.0,km,5529.351566165088,km
SAT1,SSC_AUS,Tropics,214,FFSS,Nominal Measurement,nil,nil,nil,nil,2020-01-01T00:58:11.000,3491.0,spatial,500.0,500.0,500.0,km,6171.717352136829,km
SAT1,NASA_NM,Tropics,153,FFSS,Nominal Measurement,nil,nil,nil,nil,2020-01-01T01:00:15.000,3615.0,spatial,500.0,500.0,500.0,km,5240.2979061518945,km
SAT1,NASA_NM,Tropics,154,FFSS,Nominal Measurement,nil,nil,nil,nil,2020-01-01T01:01:28.000,3688.0,spatial,500.0,500.0,500.0,km,5457.80768560174,km
SAT1,NASA_NM,Tropics,155,FFSS_22.0_FOR,Soil Moisture,26,2020-01-01T00:22:17.340,2020-01-01T00:22:17.346,2020-01-01T12:22:17.340,2020-01-01T01:02:42.000,3762.0,Accuracy,0.017,0.01,0.05,%,Infinity,%,Spatial,0.75,0.5,1.0,km,3418.613771560054,km,Temporal,10.0,6.0,12.0,hrs,0.6735149928130971,hrs
SAT1,NASA_NM,Tropics,97,FFSS,Nominal Measurement,nil,nil,nil,nil,2020-01-01T01:03:54.000,3834.0,spatial,500.0,500.0,500.0,km,6621.8370234163785,km
SAT1,NASA_NM,Tropics,44,FFSS,Nominal Measurement,nil,nil,nil,nil,2020-01-01T01:07:21.000,4041.0,spatial,500.0,500.0,500.0,km,5858.568829782541,km
SAT1,NASA_NM,Tropics,45,FFSS,Nominal Measurement,nil,nil,nil,nil,2020-01-01T01:08:44.000,4124.0,spatial,500.0,500.0,500.0,km,6580.268171716141,km
SAT1,NASA_NM,Tropics,46,FFSS,Nominal Measurement,nil,nil,nil,nil,2020-01-01T01:10:09.000,4209.0,spatial,500.0,500.0,500.0,km,6763.779298737762,km
SAT1,NASA_NM,Tropics,47,FFSS,Nominal Measurement,nil,nil,nil,nil,2020-01-01T01:11:33.000,4293.0,spatial,500.0,500.0,500.0,km,6725.653171659501,km
SAT1,NASA_NM,Tropics,48,FFSS,Nominal Measurement,nil,nil,nil,nil,2020-01-01T01:12:56.000,4376.0,spatial,500.0,500.0,500.0,km,6119.6051812759415,km
SAT1,NASA_NM,Tropics,106,FFSS,Nominal Measurement,nil,nil,nil,nil,2020-01-01T01:16:07.000,4567.0,spatial,500.0,500.0,500.0,km,5553.500206530883,km
SAT1,NASA_NM,Tropics,51,FFSS,Nominal Measurement,nil,nil,nil,nil,2020-01-01T01:16:07.000,4567.0,spatial,500.0,500.0,500.0,km,5553.500206530749,km
SAT1,NASA_NM,Tropics,52,FFSS,Nominal Measurement,nil,nil,nil,nil,2020-01-01T01:17:24.000,4644.0,spatial,500.0,500.0,500.0,km,5965.017971621447,km
SAT1,NASA_NM,Tropics,109,FFSS,Nominal Measurement,nil,nil,nil,nil,2020-01-01T01:19:10.000,4750.0,spatial,500.0,500.0,500.0,km,5341.63762810907,km
SAT1,NASA_NM,Tropics,109,FFSS_22.0_FOR,Soil Moisture,29,2020-01-01T00:24:35.076,2020-01-01T00:24:35.279,2020-01-01T12:24:35.076,2020-01-01T01:19:10.000,4750.0,Accuracy,0.017,0.01,0.05,%,Infinity,%,Spatial,0.75,0.5,1.0,km,5341.63762810907,km,Temporal,10.0,6.0,12.0,hrs,0.9096447261531484,hrs
SAT1,NASA_NM,Tropics,110,FFSS,Nominal Measurement,nil,nil,nil,nil,2020-01-01T01:20:22.000,4822.0,spatial,500.0,500.0,500.0,km,5264.133714856988,km
SAT1,NASA_NM,Tropics,110,FFSS_22.0_FOR,Soil Moisture,0,2020-01-01T00:01:02.940,2020-01-01T00:01:03.197,2020-01-01T12:01:02.940,2020-01-01T01:20:22.000,4822.0,Accuracy,0.017,0.01,0.05,%,Infinity,%,Spatial,0.75,0.5,1.0,km,5264.133714856988,km,Temporal,10.0,6.0,12.0,hrs,1.3218896745821442,hrs
SAT1,NASA_NM,Tropics,169,FFSS_22.0_FOR,Soil Moisture,11,2020-01-01T00:05:10.187,2020-01-01T00:05:10.240,2020-01-01T12:05:10.187,2020-01-01T01:20:51.000,4851.0,Accuracy,0.017,0.01,0.05,%,Infinity,%,Spatial,0.75,0.5,1.0,km,3564.413553367279,km,Temporal,10.0,6.0,12.0,hrs,1.2613221571235638,hrs
SAT1,NASA_NM,Tropics,170,FFSS,Nominal Measurement,nil,nil,nil,nil,2020-01-01T01:22:02.000,4922.0,spatial,500.0,500.0,500.0,km,6533.463535744458,km
SAT1,NASA_NM,Tropics,233,FFSS_22.0_FOR,Soil Moisture,33,2020-01-01T00:27:04.544,2020-01-01T00:27:05.301,2020-01-01T12:27:04.544,2020-01-01T01:23:43.000,5023.0,Accuracy,0.017,0.01,0.05,%,Infinity,%,Spatial,0.75,0.5,1.0,km,4655.182815894667,km,Temporal,10.0,6.0,12.0,hrs,0.9438052084397427,hrs
SAT1,NASA_NM,Tropics,234,FFSS,Nominal Measurement,nil,nil,nil,nil,2020-01-01T01:24:48.000,5088.0,spatial,500.0,500.0,500.0,km,5266.156410637972,km
SAT1,NASA_NM,Tropics,300,FFSS,Nominal Measurement,nil,nil,nil,nil,2020-01-01T01:26:32.000,5192.0,spatial,500.0,500.0,500.0,km,6323.396986885881,km
SAT1,NASA_NM,Tropics,367,FFSS_22.0_FOR,Soil Moisture,70,2020-01-01T01:16:27.642,2020-01-01T01:16:28.650,2020-01-01T13:16:27.642,2020-01-01T01:27:13.000,5233.0,Accuracy,0.017,0.01,0.05,%,Infinity,%,Spatial,0.75,0.5,1.0,km,3362.967755874563,km,Temporal,10.0,6.0,12.0,hrs,0.17898603020289336,hrs
SAT1,NASA_NM,Tropics,368,FFSS,Nominal Measurement,nil,nil,nil,nil,2020-01-01T01:28:16.000,5296.0,spatial,500.0,500.0,500.0,km,6675.186304904327,km
SAT1,NASA_NM,Tropics,439,FFSS,Nominal Measurement,nil,nil,nil,nil,2020-01-01T01:30:05.000,5405.0,spatial,500.0,500.0,500.0,km,6352.064901305414,km
SAT1,NASA_NM,Tropics,511,FFSS,Nominal Measurement,nil,nil,nil,nil,2020-01-01T01:31:54.000,5514.0,spatial,500.0,500.0,500.0,km,6162.256310646073,km
SAT1,NASA_NM,Tropics,584,FFSS,Nominal Measurement,nil,nil,nil,nil,2020-01-01T01:33:42.000,5622.0,spatial,500.0,500.0,500.0,km,5944.991552182973,km
SAT1,NASA_NM,Tropics,657,FFSS,Nominal Measurement,nil,nil,nil,nil,2020-01-01T01:35:49.000,5749.0,spatial,500.0,500.0,500.0,km,6749.488907465717,km
SAT1,NASA_NM,Tropics,730,FFSS,Nominal Measurement,nil,nil,nil,nil,2020-01-01T01:37:56.000,5876.0,spatial,500.0,500.0,500.0,km,5589.879142328861,km
SAT1,NASA_NM,Tropics,801,FFSS,Nominal Measurement,nil,nil,nil,nil,2020-01-01T01:39:04.000,5944.0,spatial,500.0,500.0,500.0,km,4967.826070616966,km
SAT1,NASA_PON,Tropics,872,FFSS,Nominal Measurement,nil,nil,nil,nil,2020-01-01T01:41:26.000,6086.0,spatial,500.0,500.0,500.0,km,6799.337540078154,km
SAT1,NASA_PON,Tropics,940,FFSS,Nominal Measurement,nil,nil,nil,nil,2020-01-01T01:43:50.000,6230.0,spatial,500.0,500.0,500.0,km,5753.68691807605,km
SAT1,NASA_WAL,Tropics,1005,FFSS,Nominal Measurement,nil,nil,nil,nil,2020-01-01T01:45:27.000,6327.0,spatial,500.0,500.0,500.0,km,6437.948740465693,km
SAT1,NASA_NM,Tropics,1067,FFSS,Nominal Measurement,nil,nil,nil,nil,2020-01-01T01:47:22.000,6442.0,spatial,500.0,500.0,500.0,km,5024.205957766486,km
SAT1,NASA_NM,Tropics,1068,FFSS,Nominal Measurement,nil,nil,nil,nil,2020-01-01T01:48:34.000,6514.0,spatial,500.0,500.0,500.0,km,5626.668034462829,km
SAT1,NASA_NM,Tropics,1127,FFSS,Nominal Measurement,nil,nil,nil,nil,2020-01-01T01:50:15.000,6615.0,spatial,500.0,500.0,500.0,km,5561.27244143752,km
SAT1,NASA_NM,Tropics,1128,FFSS,Nominal Measurement,nil,nil,nil,nil,2020-01-01T01:51:31.000,6691.0,spatial,500.0,500.0,500.0,km,5957.632521545167,km
SAT1,NASA_NM,Tropics,1184,FFSS,Nominal Measurement,nil,nil,nil,nil,2020-01-01T01:54:05.000,6845.0,spatial,500.0,500.0,500.0,km,5363.2090946506005,km
SAT1,NASA_NM,Tropics,1185,FFSS,Nominal Measurement,nil,nil,nil,nil,2020-01-01T01:55:28.000,6928.0,spatial,500.0,500.0,500.0,km,6564.76055525586,km
SAT1,NASA_NM,Tropics,1186,FFSS,Nominal Measurement,nil,nil,nil,nil,2020-01-01T01:56:52.000,7012.0,spatial,500.0,500.0,500.0,km,6715.919309255478,km
SAT1,NASA_NM,Tropics,1187,FFSS,Nominal Measurement,nil,nil,nil,nil,2020-01-01T01:58:16.000,7096.0,spatial,500.0,500.0,500.0,km,6648.966964260434,km
SAT1,NASA_NM,Tropics,1188,FFSS,Nominal Measurement,nil,nil,nil,nil,2020-01-01T01:59:40.000,7180.0,spatial,500.0,500.0,500.0,km,6475.619082021856,km
SAT1,NASA_NM,Tropics,1189,FFSS,Nominal Measurement,nil,nil,nil,nil,2020-01-01T02:01:03.000,7263.0,spatial,500.0,500.0,500.0,km,5253.846253915455,km
SAT1,NASA_NM,Tropics,1137,FFSS,Nominal Measurement,nil,nil,nil,nil,2020-01-01T02:03:45.000,7425.0,spatial,500.0,500.0,500.0,km,6453.912959791842,km
SAT1,NASA_NM,Tropics,1137,FFSS_22.0_FOR,Soil Moisture,17,2020-01-01T00:14:28.089,2020-01-01T00:14:28.415,2020-01-01T12:14:28.089,2020-01-01T02:03:45.000,7425.0,Accuracy,0.017,0.01,0.05,%,Infinity,%,Spatial,0.75,0.5,1.0,km,6453.912959791842,km,Temporal,10.0,6.0,12.0,hrs,1.8212736011305097,hrs
SAT1,NASA_NM,Tropics,1138,FFSS,Nominal Measurement,nil,nil,nil,nil,2020-01-01T02:05:00.000,7500.0,spatial,500.0,500.0,500.0,km,4964.80907509757,km
SAT1,NASA_NM,Tropics,1081,FFSS,Nominal Measurement,nil,nil,nil,nil,2020-01-01T02:06:16.000,7576.0,spatial,500.0,500.0,500.0,km,5091.692897820548,km
SAT1,NASA_NM,Tropics,1082,FFSS,Nominal Measurement,nil,nil,nil,nil,2020-01-01T02:07:29.000,7649.0,spatial,500.0,500.0,500.0,km,5541.013400989599,km
SAT1,NASA_NM,Tropics,1023,FFSS,Nominal Measurement,nil,nil,nil,nil,2020-01-01T02:09:18.000,7758.0,spatial,500.0,500.0,500.0,km,6692.595934352048,km
SAT1,NASA_NM,Tropics,961,FFSS,Nominal Measurement,nil,nil,nil,nil,2020-01-01T02:11:38.000,7898.0,spatial,500.0,500.0,500.0,km,6553.336901400447,km
SAT1,NASA_NM,Tropics,962,FFSS_22.0_FOR,Soil Moisture,116,2020-01-01T02:05:19.709,2020-01-01T02:05:20.275,2020-01-01T14:05:19.709,2020-01-01T02:12:41.000,7961.0,Accuracy,0.017,0.01,0.05,%,Infinity,%,Spatial,0.75,0.5,1.0,km,3423.3139981146796,km,Temporal,10.0,6.0,12.0,hrs,0.12242354597623957,hrs
SAT1,NASA_NM,Tropics,896,FFSS,Nominal Measurement,nil,nil,nil,nil,2020-01-01T02:13:27.000,8007.0,spatial,500.0,500.0,500.0,km,6471.697458498425,km
SAT1,NASA_NM,Tropics,828,FFSS,Nominal Measurement,nil,nil,nil,nil,2020-01-01T02:15:15.000,8115.0,spatial,500.0,500.0,500.0,km,5864.25044189961,km
SAT1,NASA_NM,Tropics,759,FFSS,Nominal Measurement,nil,nil,nil,nil,2020-01-01T02:17:37.000,8257.0,spatial,500.0,500.0,500.0,km,6142.785477821334,km
SAT1,NASA_NM,Tropics,688,FFSS,Nominal Measurement,nil,nil,nil,nil,2020-01-01T02:18:58.000,8338.0,spatial,500.0,500.0,500.0,km,5582.599587123689,km
SAT1,NASA_NM,Tropics,618,FFSS,Nominal Measurement,nil,nil,nil,nil,2020-01-01T02:21:17.000,8477.0,spatial,500.0,500.0,500.0,km,6174.062127251894,km
SAT1,NASA_NM,Tropics,546,FFSS,Nominal Measurement,nil,nil,nil,nil,2020-01-01T02:22:52.000,8572.0,spatial,500.0,500.0,500.0,km,6485.958297912753,km
SAT1,NASA_NM,Tropics,475,FFSS,Nominal Measurement,nil,nil,nil,nil,2020-01-01T02:24:28.000,8668.0,spatial,500.0,500.0,500.0,km,5361.283655031886,km
SAT1,NASA_NM,Tropics,406,FFSS,Nominal Measurement,nil,nil,nil,nil,2020-01-01T02:27:05.000,8825.0,spatial,500.0,500.0,500.0,km,5476.191770649701,km
SAT1,NASA_NM,Tropics,338,FFSS,Nominal Measurement,nil,nil,nil,nil,2020-01-01T02:28:21.000,8901.0,spatial,500.0,500.0,500.0,km,5783.967514253499,km
SAT1,NASA_NM,Tropics,273,FFSS,Nominal Measurement,nil,nil,nil,nil,2020-01-01T02:30:40.000,9040.0,spatial,500.0,500.0,500.0,km,6662.492890580669,km
SAT1,NASA_NM,Tropics,210,FFSS,Nominal Measurement,nil,nil,nil,nil,2020-01-01T02:32:43.000,9163.0,spatial,500.0,500.0,500.0,km,6590.42755944045,km
SAT1,NASA_NM,Tropics,149,FFSS,Nominal Measurement,nil,nil,nil,nil,2020-01-01T02:34:51.000,9291.0,spatial,500.0,500.0,500.0,km,6154.90258268025,km
SAT1,NASA_NM,Tropics,150,FFSS,Nominal Measurement,nil,nil,nil,nil,2020-01-01T02:35:41.000,9341.0,spatial,500.0,500.0,500.0,km,5865.953018360578,km
SAT1,NASA_NM,Tropics,93,FFSS,Nominal Measurement,nil,nil,nil,nil,2020-01-01T02:37:52.000,9472.0,spatial,500.0,500.0,500.0,km,6482.032246584369,km
SAT1,NASA_NM,Tropics,94,FFSS,Nominal Measurement,nil,nil,nil,nil,2020-01-01T02:39:09.000,9549.0,spatial,500.0,500.0,500.0,km,5171.048644926393,km
SAT1,NASA_NM,Tropics,40,FFSS,Nominal Measurement,nil,nil,nil,nil,2020-01-01T02:40:54.000,9654.0,spatial,500.0,500.0,500.0,km,5130.323364017736,km
SAT1,NASA_NM,Tropics,41,FFSS,Nominal Measurement,nil,nil,nil,nil,2020-01-01T02:42:12.000,9732.0,spatial,500.0,500.0,500.0,km,6282.313728755348,km
SAT1,NASA_NM,Tropics,42,FFSS,Nominal Measurement,nil,nil,nil,nil,2020-01-01T02:43:36.000,9816.0,spatial,500.0,500.0,500.0,km,6766.042852966859,km
SAT1,NASA_NM,Tropics,43,FFSS,Nominal Measurement,nil,nil,nil,nil,2020-01-01T02:45:00.000,9900.0,spatial,500.0,500.0,500.0,km,6677.15071041396,km
SAT1,NASA_NM,Tropics,44,FFSS,Nominal Measurement,nil,nil,nil,nil,2020-01-01T02:46:24.000,9984.0,spatial,500.0,500.0,500.0,km,6621.70013851945,km
SAT1,NASA_NM,Tropics,45,FFSS,Nominal Measurement,nil,nil,nil,nil,2020-01-01T02:47:47.000,10067.0,spatial,500.0,500.0,500.0,km,5714.144795710968,km
SAT1,NASA_NM,Tropics,46,FFSS_22.0_FOR,Soil Moisture,76,2020-01-01T01:21:16.138,2020-01-01T01:21:16.459,2020-01-01T13:21:16.138,2020-01-01T02:49:09.000,10149.0,Accuracy,0.017,0.01,0.05,%,Infinity,%,Spatial,0.75,0.5,1.0,km,4242.948093292171,km,Temporal,10.0,6.0,12.0,hrs,1.4645947049764192,hrs
SAT1,NASA_NM,Tropics,102,FFSS,Nominal Measurement,nil,nil,nil,nil,2020-01-01T02:50:04.000,10204.0,spatial,500.0,500.0,500.0,km,4824.283873297901,km
SAT1,NASA_NM,Tropics,102,FFSS_22.0_FOR,Soil Moisture,57,2020-01-01T00:55:31.543,2020-01-01T00:55:31.654,2020-01-01T12:55:31.543,2020-01-01T02:50:04.000,10204.0,Accuracy,0.017,0.01,0.05,%,Infinity,%,Spatial,0.75,0.5,1.0,km,4824.283873297901,km,Temporal,10.0,6.0,12.0,hrs,1.9089850397910397,hrs
SAT1,NASA_NM,Tropics,103,FFSS,Nominal Measurement,nil,nil,nil,nil,2020-01-01T02:51:22.000,10282.0,spatial,500.0,500.0,500.0,km,6610.268398981285,km
SAT1,NASA_NM,Tropics,163,FFSS,Nominal Measurement,nil,nil,nil,nil,2020-01-01T02:53:23.000,10403.0,spatial,500.0,500.0,500.0,km,4899.171656333269,km
SAT1,NASA_NM,Tropics,164,FFSS,Nominal Measurement,nil,nil,nil,nil,2020-01-01T02:54:36.000,10476.0,spatial,500.0,500.0,500.0,km,5767.935106270853,km
SAT1,NASA_NM,Tropics,107,FFSS_22.0_FOR,Soil Moisture,158,2020-01-01T02:50:52.275,2020-01-01T02:50:52.460,2020-01-01T14:50:52.275,2020-01-01T02:55:45.000,10545.0,Accuracy,0.017,0.01,0.05,%,Infinity,%,Spatial,0.75,0.5,1.0,km,3318.5365573455424,km,Temporal,10.0,6.0,12.0,hrs,0.0812610546227038,hrs
SAT1,NASA_NM,Tropics,166,FFSS,Nominal Measurement,nil,nil,nil,nil,2020-01-01T02:56:34.000,10594.0,spatial,500.0,500.0,500.0,km,6665.3956452992215,km
SAT1,NASA_NM,Tropics,229,FFSS,Nominal Measurement,nil,nil,nil,nil,2020-01-01T02:58:28.000,10708.0,spatial,500.0,500.0,500.0,km,5989.6297714508455,km
SAT1,NASA_NM,Tropics,230,FFSS_22.0_FOR,Soil Moisture,48,2020-01-01T00:48:45.388,2020-01-01T00:48:45.452,2020-01-01T12:48:45.388,2020-01-01T02:59:32.000,10772.0,Accuracy,0.017,0.01,0.05,%,Infinity,%,Spatial,0.75,0.5,1.0,km,4071.1143644357862,km,Temporal,10.0,6.0,12.0,hrs,2.179596719328127,hrs
SAT1,NASA_NM,Tropics,295,FFSS,Nominal Measurement,nil,nil,nil,nil,2020-01-01T03:00:22.000,10822.0,spatial,500.0,500.0,500.0,km,5346.68723227032,km
SAT1,NASA_NM,Tropics,295,FFSS_22.0_FOR,Soil Moisture,1,2020-01-01T00:01:06.817,2020-01-01T00:01:07.394,2020-01-01T12:01:06.817,2020-01-01T03:00:22.000,10822.0,Accuracy,0.017,0.01,0.05,%,Infinity,%,Spatial,0.75,0.5,1.0,km,5346.68723227032,km,Temporal,10.0,6.0,12.0,hrs,2.9873904576446724,hrs
SAT1,NASA_NM,Tropics,363,FFSS,Nominal Measurement,nil,nil,nil,nil,2020-01-01T03:02:14.000,10934.0,spatial,500.0,500.0,500.0,km,4891.533086428103,km
SAT1,NASA_NM,Tropics,434,FFSS,Nominal Measurement,nil,nil,nil,nil,2020-01-01T03:04:08.000,11048.0,spatial,500.0,500.0,500.0,km,4837.7040218302545,km
SAT1,NASA_NM,Tropics,506,FFSS,Nominal Measurement,nil,nil,nil,nil,2020-01-01T03:06:02.000,11162.0,spatial,500.0,500.0,500.0,km,4957.473745052467,km
SAT1,NASA_NM,Tropics,579,FFSS,Nominal Measurement,nil,nil,nil,nil,2020-01-01T03:07:54.000,11274.0,spatial,500.0,500.0,500.0,km,5036.620399454646,km
SAT1,NASA_NM,Tropics,580,FFSS_22.0_FOR,Soil Moisture,97,2020-01-01T01:43:11.680,2020-01-01T01:43:12.045,2020-01-01T13:43:11.680,2020-01-01T03:08:52.000,11332.0,Accuracy,0.017,0.01,0.05,%,Infinity,%,Spatial,0.75,0.5,1.0,km,4384.208269776857,km,Temporal,10.0,6.0,12.0,hrs,1.4277653276937992,hrs
SAT1,NASA_NM,Tropics,725,FFSS,Nominal Measurement,nil,nil,nil,nil,2020-01-01T03:12:00.000,11520.0,spatial,500.0,500.0,500.0,km,6794.985151687088,km
SAT1,NASA_NM,Tropics,797,FFSS,Nominal Measurement,nil,nil,nil,nil,2020-01-01T03:14:04.000,11644.0,spatial,500.0,500.0,500.0,km,6377.1340617562755,km
SAT1,NASA_NM,Tropics,868,FFSS,Nominal Measurement,nil,nil,nil,nil,2020-01-01T03:16:18.000,11778.0,spatial,500.0,500.0,500.0,km,5126.965504629938,km
SAT1,NASA_NM,Tropics,868,FFSS_22.0_FOR,Soil Moisture,6,2020-01-01T00:04:23.195,2020-01-01T00:04:23.602,2020-01-01T12:04:23.195,2020-01-01T03:16:18.000,11778.0,Accuracy,0.017,0.01,0.05,%,Infinity,%,Spatial,0.75,0.5,1.0,km,5126.965504629938,km,Temporal,10.0,6.0,12.0,hrs,3.1984439997863006,hrs
SAT1,NASA_NM,Tropics,936,FFSS_22.0_FOR,Soil Moisture,55,2020-01-01T00:55:04.860,2020-01-01T00:55:05.198,2020-01-01T12:55:04.860,2020-01-01T03:18:35.000,11915.0,Accuracy,0.017,0.01,0.05,%,Infinity,%,Spatial,0.75,0.5,1.0,km,4433.640240876873,km,Temporal,10.0,6.0,12.0,hrs,2.3916115288578914,hrs
SAT1,NASA_WAL,Tropics,1001,FFSS,Nominal Measurement,nil,nil,nil,nil,2020-01-01T03:19:59.000,11999.0,spatial,500.0,500.0,500.0,km,6710.2794846880515,km
SAT1,NASA_WAL,Tropics,1064,FFSS,Nominal Measurement,nil,nil,nil,nil,2020-01-01T03:22:48.000,12168.0,spatial,500.0,500.0,500.0,km,6154.720656762125,km
SAT1,NASA_WAL,Tropics,1124,FFSS,Nominal Measurement,nil,nil,nil,nil,2020-01-01T03:25:29.000,12329.0,spatial,500.0,500.0,500.0,km,6678.628661965646,km
SAT1,SANSA_SA,Tropics,1181,FFSS,Nominal Measurement,nil,nil,nil,nil,2020-01-01T03:28:56.000,12536.0,spatial,500.0,500.0,500.0,km,5908.441825569298,km
SAT1,SANSA_SA,Tropics,1182,FFSS,Nominal Measurement,nil,nil,nil,nil,2020-01-01T03:30:19.000,12619.0,spatial,500.0,500.0,500.0,km,6650.836966705022,km
SAT1,SANSA_SA,Tropics,1183,FFSS,Nominal Measurement,nil,nil,nil,nil,2020-01-01T03:31:43.000,12703.0,spatial,500.0,500.0,500.0,km,6617.995225093346,km
SAT1,SANSA_SA,Tropics,1184,FFSS,Nominal Measurement,nil,nil,nil,nil,2020-01-01T03:33:07.000,12787.0,spatial,500.0,500.0,500.0,km,6582.835822206311,km
SAT1,SANSA_SA,Tropics,1185,FFSS,Nominal Measurement,nil,nil,nil,nil,2020-01-01T03:34:31.000,12871.0,spatial,500.0,500.0,500.0,km,6173.400261648684,km
SAT1,SANSA_SA,Tropics,1132,FFSS_22.0_FOR,Soil Moisture,58,2020-01-01T00:58:44.892,2020-01-01T00:58:44.951,2020-01-01T12:58:44.892,2020-01-01T03:36:23.000,12983.0,Accuracy,0.017,0.01,0.05,%,Infinity,%,Spatial,0.75,0.5,1.0,km,3924.5635309010636,km,Temporal,10.0,6.0,12.0,hrs,2.6272359441824613,hrs
SAT1,SANSA_SA,Tropics,1133,FFSS,Nominal Measurement,nil,nil,nil,nil,2020-01-01T03:37:42.000,13062.0,spatial,500.0,500.0,500.0,km,5600.570817273873,km
SAT1,SANSA_SA,Tropics,1134,FFSS,Nominal Measurement,nil,nil,nil,nil,2020-01-01T03:38:59.000,13139.0,spatial,500.0,500.0,500.0,km,6005.7415017619305,km
SAT1,SANSA_SA,Tropics,1077,FFSS,Nominal Measurement,nil,nil,nil,nil,2020-01-01T03:41:06.000,13266.0,spatial,500.0,500.0,500.0,km,5895.970867424263,km
SAT1,SANSA_SA,Tropics,1078,FFSS,Nominal Measurement,nil,nil,nil,nil,2020-01-01T03:41:43.000,13303.0,spatial,500.0,500.0,500.0,km,6059.799860740156,km
SAT1,SANSA_SA,Tropics,1019,FFSS,Nominal Measurement,nil,nil,nil,nil,2020-01-01T03:43:50.000,13430.0,spatial,500.0,500.0,500.0,km,6642.807556638334,km
SAT1,SANSA_SA,Tropics,1020,FFSS_22.0_FOR,Soil Moisture,61,2020-01-01T00:59:24.239,2020-01-01T00:59:25.035,2020-01-01T12:59:24.239,2020-01-01T03:44:56.000,13496.0,Accuracy,0.017,0.01,0.05,%,Infinity,%,Spatial,0.75,0.5,1.0,km,3571.6550472606796,km,Temporal,10.0,6.0,12.0,hrs,2.758601306841024,hrs
SAT1,SANSA_SA,Tropics,956,FFSS_22.0_FOR,Soil Moisture,202,2020-01-01T03:36:07.479,2020-01-01T03:36:08.438,2020-01-01T15:36:07.479,2020-01-01T03:45:18.000,13518.0,Accuracy,0.017,0.01,0.05,%,Infinity,%,Spatial,0.75,0.5,1.0,km,4688.780872243806,km,Temporal,10.0,6.0,12.0,hrs,0.1526559890978826,hrs
SAT1,SANSA_SA,Tropics,957,FFSS,Nominal Measurement,nil,nil,nil,nil,2020-01-01T03:46:23.000,13583.0,spatial,500.0,500.0,500.0,km,5274.7843032856135,km
SAT1,SANSA_SA,Tropics,891,FFSS_22.0_FOR,Soil Moisture,113,2020-01-01T02:03:13.722,2020-01-01T02:03:14.130,2020-01-01T14:03:13.722,2020-01-01T03:47:16.000,13636.0,Accuracy,0.017,0.01,0.05,%,Infinity,%,Spatial,0.75,0.5,1.0,km,4310.516876001746,km,Temporal,10.0,6.0,12.0,hrs,1.733852709332714,hrs
SAT1,SANSA_SA,Tropics,892,FFSS,Nominal Measurement,nil,nil,nil,nil,2020-01-01T03:48:19.000,13699.0,spatial,500.0,500.0,500.0,km,5415.910561057328,km
SAT1,SANSA_SA,Tropics,824,FFSS,Nominal Measurement,nil,nil,nil,nil,2020-01-01T03:50:15.000,13815.0,spatial,500.0,500.0,500.0,km,5519.322862745307,km
SAT1,SANSA_SA,Tropics,754,FFSS,Nominal Measurement,nil,nil,nil,nil,2020-01-01T03:51:40.000,13900.0,spatial,500.0,500.0,500.0,km,6408.283190064011,km
SAT1,SANSA_SA,Tropics,754,FFSS_22.0_FOR,Soil Moisture,185,2020-01-01T03:19:31.186,2020-01-01T03:19:31.299,2020-01-01T15:19:31.186,2020-01-01T03:51:40.000,13900.0,Accuracy,0.017,0.01,0.05,%,Infinity,%,Spatial,0.75,0.5,1.0,km,6408.283190064011,km,Temporal,10.0,6.0,12.0,hrs,0.5357503386183071,hrs
SAT1,SANSA_SA,Tropics,684,FFSS,Nominal Measurement,nil,nil,nil,nil,2020-01-01T03:54:05.000,14045.0,spatial,500.0,500.0,500.0,km,5017.869397665536,km
SAT1,SANSA_SA,Tropics,613,FFSS,Nominal Measurement,nil,nil,nil,nil,2020-01-01T03:55:29.000,14129.0,spatial,500.0,500.0,500.0,km,6672.500453143238,km
SAT1,SANSA_SA,Tropics,541,FFSS,Nominal Measurement,nil,nil,nil,nil,2020-01-01T03:57:00.000,14220.0,spatial,500.0,500.0,500.0,km,5365.237028026256,km
SAT1,SANSA_SA,Tropics,542,FFSS_22.0_FOR,Soil Moisture,90,2020-01-01T01:36:16.237,2020-01-01T01:36:16.417,2020-01-01T13:36:16.237,2020-01-01T03:57:59.000,14279.0,Accuracy,0.017,0.01,0.05,%,Infinity,%,Spatial,0.75,0.5,1.0,km,4179.372458135069,km,Temporal,10.0,6.0,12.0,hrs,2.361828480874636,hrs
SAT1,SANSA_SA,Tropics,471,FFSS,Nominal Measurement,nil,nil,nil,nil,2020-01-01T03:59:31.000,14371.0,spatial,500.0,500.0,500.0,km,5575.61032203118,km
SAT1,SSC_HI,Tropics,401,FFSS,Nominal Measurement,nil,nil,nil,nil,2020-01-01T04:01:03.000,14463.0,spatial,500.0,500.0,500.0,km,6584.773194602951,km
SAT1,SSC_HI,Tropics,334,FFSS,Nominal Measurement,nil,nil,nil,nil,2020-01-01T04:03:13.000,14593.0,spatial,500.0,500.0,500.0,km,6341.931679161737,km
SAT1,SSC_HI,Tropics,269,FFSS,Nominal Measurement,nil,nil,nil,nil,2020-01-01T04:05:25.000,14725.0,spatial,500.0,500.0,500.0,km,5730.272449539633,km
SAT1,SSC_HI,Tropics,206,FFSS,Nominal Measurement,nil,nil,nil,nil,2020-01-01T04:07:15.000,14835.0,spatial,500.0,500.0,500.0,km,6670.547105969126,km
SAT1,SSC_HI,Tropics,206,FFSS_22.0_FOR,Soil Moisture,143,2020-01-01T02:38:51.584,2020-01-01T02:38:51.708,2020-01-01T14:38:51.584,2020-01-01T04:07:15.000,14835.0,Accuracy,0.017,0.01,0.05,%,Infinity,%,Spatial,0.75,0.5,1.0,km,6670.547105969126,km,Temporal,10.0,6.0,12.0,hrs,1.4731366858627943,hrs
SAT1,SSC_HI,Tropics,146,FFSS,Nominal Measurement,nil,nil,nil,nil,2020-01-01T04:09:55.000,14995.0,spatial,500.0,500.0,500.0,km,6381.08930227947,km
SAT1,SSC_HI,Tropics,146,FFSS_22.0_FOR,Soil Moisture,30,2020-01-01T00:24:59.107,2020-01-01T00:24:59.809,2020-01-01T12:24:59.107,2020-01-01T04:09:55.000,14995.0,Accuracy,0.017,0.01,0.05,%,Infinity,%,Spatial,0.75,0.5,1.0,km,6381.08930227947,km,Temporal,10.0,6.0,12.0,hrs,3.7486640941597207,hrs
SAT1,SSC_HI,Tropics,89,FFSS,Nominal Measurement,nil,nil,nil,nil,2020-01-01T04:11:50.000,15110.0,spatial,500.0,500.0,500.0,km,5563.096515627097,km
SAT1,SSC_HI,Tropics,89,FFSS_22.0_FOR,Soil Moisture,96,2020-01-01T01:40:24.323,2020-01-01T01:40:24.659,2020-01-01T13:40:24.323,2020-01-01T04:11:50.000,15110.0,Accuracy,0.017,0.01,0.05,%,Infinity,%,Spatial,0.75,0.5,1.0,km,5563.096515627097,km,Temporal,10.0,6.0,12.0,hrs,2.523705714746027,hrs
SAT1,SSC_HI,Tropics,90,FFSS,Nominal Measurement,nil,nil,nil,nil,2020-01-01T04:13:06.000,15186.0,spatial,500.0,500.0,500.0,km,5927.778410857373,km
SAT1,SSC_HI,Tropics,91,FFSS_22.0_FOR,Soil Moisture,109,2020-01-01T01:57:38.783,2020-01-01T01:57:38.974,2020-01-01T13:57:38.783,2020-01-01T04:14:25.000,15265.0,Accuracy,0.017,0.01,0.05,%,Infinity,%,Spatial,0.75,0.5,1.0,km,4071.7628796175104,km,Temporal,10.0,6.0,12.0,hrs,2.279451600717766,hrs
SAT1,SSC_HI,Tropics,37,FFSS,Nominal Measurement,nil,nil,nil,nil,2020-01-01T04:15:40.000,15340.0,spatial,500.0,500.0,500.0,km,5356.428073524955,km
SAT1,SSC_HI,Tropics,38,FFSS,Nominal Measurement,nil,nil,nil,nil,2020-01-01T04:17:03.000,15423.0,spatial,500.0,500.0,500.0,km,6533.819116294373,km
SAT1,SSC_HI,Tropics,39,FFSS,Nominal Measurement,nil,nil,nil,nil,2020-01-01T04:18:27.000,15507.0,spatial,500.0,500.0,500.0,km,6676.627138520519,km
SAT1,SSC_HI,Tropics,40,FFSS,Nominal Measurement,nil,nil,nil,nil,2020-01-01T04:19:51.000,15591.0,spatial,500.0,500.0,500.0,km,6609.787542160723,km
SAT1,SSC_HI,Tropics,41,FFSS,Nominal Measurement,nil,nil,nil,nil,2020-01-01T04:21:15.000,15675.0,spatial,500.0,500.0,500.0,km,6438.446728095066,km
SAT1,SSC_HI,Tropics,41,FFSS_22.0_FOR,Soil Moisture,15,2020-01-01T00:12:00.369,2020-01-01T00:12:00.716,2020-01-01T12:12:00.369,2020-01-01T04:21:15.000,15675.0,Accuracy,0.017,0.01,0.05,%,Infinity,%,Spatial,0.75,0.5,1.0,km,6438.446728095066,km,Temporal,10.0,6.0,12.0,hrs,4.153967840608093,hrs
SAT1,SSC_HI,Tropics,42,FFSS,Nominal Measurement,nil,nil,nil,nil,2020-01-01T04:22:38.000,15758.0,spatial,500.0,500.0,500.0,km,5233.063318924242,km
SAT1,SSC_HI,Tropics,99,FFSS,Nominal Measurement,nil,nil,nil,nil,2020-01-01T04:25:20.000,15920.0,spatial,500.0,500.0,500.0,km,6424.921775843926,km
SAT1,SSC_HI,Tropics,100,FFSS,Nominal Measurement,nil,nil,nil,nil,2020-01-01T04:26:36.000,15996.0,spatial,500.0,500.0,500.0,km,5011.909652290203,km
SAT1,SSC_HI,Tropics,101,FFSS_22.0_FOR,Soil Moisture,169,2020-01-01T03:05:12.909,2020-01-01T03:05:13.100,2020-01-01T15:05:12.909,2020-01-01T04:27:48.000,16068.0,Accuracy,0.017,0.01,0.05,%,Infinity,%,Spatial,0.75,0.5,1.0,km,3268.799817935306,km,Temporal,10.0,6.0,12.0,hrs,1.3763612251144466,hrs
SAT1,SSC_HI,Tropics,160,FFSS,Nominal Measurement,nil,nil,nil,nil,2020-01-01T04:28:50.000,16130.0,spatial,500.0,500.0,500.0,km,6261.918343994094,km
SAT1,SSC_HI,Tropics,223,FFSS_22.0_FOR,Soil Moisture,140,2020-01-01T02:34:19.255,2020-01-01T02:34:19.328,2020-01-01T14:34:19.255,2020-01-01T04:29:57.000,16197.0,Accuracy,0.017,0.01,0.05,%,Infinity,%,Spatial,0.75,0.5,1.0,km,4039.709132577526,km,Temporal,10.0,6.0,12.0,hrs,1.9271310487727222,hrs
SAT1,SSC_HI,Tropics,224,FFSS,Nominal Measurement,nil,nil,nil,nil,2020-01-01T04:31:06.000,16266.0,spatial,500.0,500.0,500.0,km,6439.668553592981,km
SAT1,SSC_HI,Tropics,224,FFSS_22.0_FOR,Soil Moisture,161,2020-01-01T02:51:58.579,2020-01-01T02:51:59.046,2020-01-01T14:51:58.579,2020-01-01T04:31:06.000,16266.0,Accuracy,0.017,0.01,0.05,%,Infinity,%,Spatial,0.75,0.5,1.0,km,6439.668553592981,km,Temporal,10.0,6.0,12.0,hrs,1.6519316608320154,hrs
SAT1,SSC_HI,Tropics,225,FFSS_22.0_FOR,Soil Moisture,100,2020-01-01T01:44:50.460,2020-01-01T01:44:50.902,2020-01-01T13:44:50.460,2020-01-01T04:32:12.000,16332.0,Accuracy,0.017,0.01,0.05,%,Infinity,%,Spatial,0.75,0.5,1.0,km,3463.7497829143076,km,Temporal,10.0,6.0,12.0,hrs,2.7891938711442603,hrs
SAT1,SSC_HI,Tropics,225,FFSS_22.0_FOR,Soil Moisture,41,2020-01-01T00:36:58.487,2020-01-01T00:36:59.159,2020-01-01T12:36:58.487,2020-01-01T04:32:12.000,16332.0,Accuracy,0.017,0.01,0.05,%,Infinity,%,Spatial,0.75,0.5,1.0,km,3463.7497829143076,km,Temporal,10.0,6.0,12.0,hrs,3.9202336641087188,hrs
SAT1,SSC_HI,Tropics,290,FFSS,Nominal Measurement,nil,nil,nil,nil,2020-01-01T04:33:13.000,16393.0,spatial,500.0,500.0,500.0,km,6518.664792911131,km
SAT1,SSC_HI,Tropics,290,FFSS_22.0_FOR,Soil Moisture,198,2020-01-01T03:31:19.090,2020-01-01T03:31:19.106,2020-01-01T15:31:19.090,2020-01-01T04:33:13.000,16393.0,Accuracy,0.017,0.01,0.05,%,Infinity,%,Spatial,0.75,0.5,1.0,km,6518.664792911131,km,Temporal,10.0,6.0,12.0,hrs,1.0316371605319692,hrs
SAT1,SSC_HI,Tropics,358,FFSS,Nominal Measurement,nil,nil,nil,nil,2020-01-01T04:35:15.000,16515.0,spatial,500.0,500.0,500.0,km,6620.550767593975,km
SAT1,SSC_HI,Tropics,358,FFSS_22.0_FOR,Soil Moisture,105,2020-01-01T01:52:08.919,2020-01-01T01:52:09.312,2020-01-01T13:52:08.919,2020-01-01T04:35:15.000,16515.0,Accuracy,0.017,0.01,0.05,%,Infinity,%,Spatial,0.75,0.5,1.0,km,6620.550767593975,km,Temporal,10.0,6.0,12.0,hrs,2.7182465409241736,hrs
SAT1,SSC_HI,Tropics,427,FFSS_22.0_FOR,Soil Moisture,200,2020-01-01T03:33:24.503,2020-01-01T03:33:24.953,2020-01-01T15:33:24.503,2020-01-01T04:36:12.000,16572.0,Accuracy,0.017,0.01,0.05,%,Infinity,%,Spatial,0.75,0.5,1.0,km,3698.928377019386,km,Temporal,10.0,6.0,12.0,hrs,1.0464018919273887,hrs
SAT1,SSC_HI,Tropics,359,FFSS_22.0_FOR,Soil Moisture,203,2020-01-01T03:37:04.930,2020-01-01T03:37:05.211,2020-01-01T15:37:04.930,2020-01-01T04:36:16.000,16576.0,Accuracy,0.017,0.01,0.05,%,Infinity,%,Spatial,0.75,0.5,1.0,km,3341.680336362892,km,Temporal,10.0,6.0,12.0,hrs,0.9863302266602547,hrs
SAT1,SSC_HI,Tropics,428,FFSS,Nominal Measurement,nil,nil,nil,nil,2020-01-01T04:37:14.000,16634.0,spatial,500.0,500.0,500.0,km,6326.103542419223,km
SAT1,SSC_HI,Tropics,428,FFSS_22.0_FOR,Soil Moisture,177,2020-01-01T03:12:21.121,2020-01-01T03:12:21.697,2020-01-01T15:12:21.121,2020-01-01T04:37:14.000,16634.0,Accuracy,0.017,0.01,0.05,%,Infinity,%,Spatial,0.75,0.5,1.0,km,6326.103542419223,km,Temporal,10.0,6.0,12.0,hrs,1.4145287325304805,hrs
SAT1,SSC_HI,Tropics,360,FFSS_22.0_FOR,Soil Moisture,132,2020-01-01T02:21:06.889,2020-01-01T02:21:07.010,2020-01-01T14:21:06.889,2020-01-01T04:38:14.000,16694.0,Accuracy,0.017,0.01,0.05,%,Infinity,%,Spatial,0.75,0.5,1.0,km,3237.5745758558337,km,Temporal,10.0,6.0,12.0,hrs,2.285275112732955,hrs
SAT1,SSC_HI,Tropics,500,FFSS,Nominal Measurement,nil,nil,nil,nil,2020-01-01T04:39:12.000,16752.0,spatial,500.0,500.0,500.0,km,6111.040125274241,km
SAT1,SSC_HI,Tropics,430,FFSS,Nominal Measurement,nil,nil,nil,nil,2020-01-01T04:39:12.000,16752.0,spatial,500.0,500.0,500.0,km,6111.0401252738375,km
SAT1,SSC_HI,Tropics,572,FFSS_22.0_FOR,Soil Moisture,104,2020-01-01T01:50:26.353,2020-01-01T01:50:26.769,2020-01-01T13:50:26.353,2020-01-01T04:40:09.000,16809.0,Accuracy,0.017,0.01,0.05,%,Infinity,%,Spatial,0.75,0.5,1.0,km,3998.7706816333775,km,Temporal,10.0,6.0,12.0,hrs,2.828397629522464,hrs
SAT1,SSC_HI,Tropics,572,FFSS_22.0_FOR,Soil Moisture,211,2020-01-01T03:46:22.860,2020-01-01T03:46:22.990,2020-01-01T15:46:22.860,2020-01-01T04:40:09.000,16809.0,Accuracy,0.017,0.01,0.05,%,Infinity,%,Spatial,0.75,0.5,1.0,km,3998.7706816333775,km,Temporal,10.0,6.0,12.0,hrs,0.896113870154651,hrs
SAT1,SSC_HI,Tropics,502,FFSS,Nominal Measurement,nil,nil,nil,nil,2020-01-01T04:41:09.000,16869.0,spatial,500.0,500.0,500.0,km,5691.326923549663,km
SAT1,SSC_HI,Tropics,575,FFSS,Nominal Measurement,nil,nil,nil,nil,2020-01-01T04:43:04.000,16984.0,spatial,500.0,500.0,500.0,km,5222.859834642769,km
SAT1,SSC_HI,Tropics,575,FFSS_22.0_FOR,Soil Moisture,201,2020-01-01T03:33:52.776,2020-01-01T03:33:52.947,2020-01-01T15:33:52.776,2020-01-01T04:43:04.000,16984.0,Accuracy,0.017,0.01,0.05,%,Infinity,%,Spatial,0.75,0.5,1.0,km,5222.859834642769,km,Temporal,10.0,6.0,12.0,hrs,1.1530701651085318,hrs
SAT1,SSC_HI,Tropics,720,FFSS,Nominal Measurement,nil,nil,nil,nil,2020-01-01T04:46:03.000,17163.0,spatial,500.0,500.0,500.0,km,5390.575639146074,km
SAT1,NASA_NM,Tropics,792,FFSS,Nominal Measurement,nil,nil,nil,nil,2020-01-01T04:48:03.000,17283.0,spatial,500.0,500.0,500.0,km,6007.000277667826,km
SAT1,NASA_NM,Tropics,931,FFSS,Nominal Measurement,nil,nil,nil,nil,2020-01-01T04:52:15.000,17535.0,spatial,500.0,500.0,500.0,km,6703.871754307906,km
SAT1,NASA_NM,Tropics,997,FFSS,Nominal Measurement,nil,nil,nil,nil,2020-01-01T04:54:31.000,17671.0,spatial,500.0,500.0,500.0,km,6592.50338235084,km
SAT1,NASA_NM,Tropics,997,FFSS_22.0_FOR,Soil Moisture,181,2020-01-01T03:14:56.146,2020-01-01T03:14:56.340,2020-01-01T15:14:56.146,2020-01-01T04:54:31.000,17671.0,Accuracy,0.017,0.01,0.05,%,Infinity,%,Spatial,0.75,0.5,1.0,km,6592.50338235084,km,Temporal,10.0,6.0,12.0,hrs,1.659627708376373,hrs
SAT1,NASA_NM,Tropics,997,FFSS_22.0_FOR,Soil Moisture,191,2020-01-01T03:23:39.700,2020-01-01T03:23:39.852,2020-01-01T15:23:39.700,2020-01-01T04:54:31.000,17671.0,Accuracy,0.017,0.01,0.05,%,Infinity,%,Spatial,0.75,0.5,1.0,km,6592.50338235084,km,Temporal,10.0,6.0,12.0,hrs,1.5142078275374018,hrs
SAT1,NASA_NM,Tropics,998,FFSS_22.0_FOR,Soil Moisture,137,2020-01-01T02:28:56.846,2020-01-01T02:28:56.874,2020-01-01T14:28:56.846,2020-01-01T04:55:40.000,17740.0,Accuracy,0.017,0.01,0.05,%,Infinity,%,Spatial,0.75,0.5,1.0,km,3660.3694350993733,km,Temporal,10.0,6.0,12.0,hrs,2.4453127447278407,hrs
SAT1,NASA_NM,Tropics,1060,FFSS,Nominal Measurement,nil,nil,nil,nil,2020-01-01T04:57:01.000,17821.0,spatial,500.0,500.0,500.0,km,6446.215537244509,km
SAT1,NASA_NM,Tropics,1119,FFSS_22.0_FOR,Soil Moisture,13,2020-01-01T00:10:24.923,2020-01-01T00:10:25.423,2020-01-01T12:10:24.923,2020-01-01T04:58:12.000,17892.0,Accuracy,0.017,0.01,0.05,%,Infinity,%,Spatial,0.75,0.5,1.0,km,3933.48771062031,km,Temporal,10.0,6.0,12.0,hrs,4.796271348184144,hrs
SAT1,NASA_NM,Tropics,1120,FFSS,Nominal Measurement,nil,nil,nil,nil,2020-01-01T04:59:27.000,17967.0,spatial,500.0,500.0,500.0,km,6546.371034441573,km
SAT1,NASA_WAL,Tropics,1121,FFSS,Nominal Measurement,nil,nil,nil,nil,2020-01-01T05:00:44.000,18044.0,spatial,500.0,500.0,500.0,km,5183.633902039876,km
SAT1,NASA_WAL,Tropics,1121,FFSS_22.0_FOR,Soil Moisture,42,2020-01-01T00:37:05.065,2020-01-01T00:37:05.243,2020-01-01T12:37:05.065,2020-01-01T05:00:44.000,18044.0,Accuracy,0.017,0.01,0.05,%,Infinity,%,Spatial,0.75,0.5,1.0,km,5183.633902039876,km,Temporal,10.0,6.0,12.0,hrs,4.394099264774377,hrs
SAT1,NASA_WAL,Tropics,1177,FFSS,Nominal Measurement,nil,nil,nil,nil,2020-01-01T05:02:24.000,18144.0,spatial,500.0,500.0,500.0,km,4825.617705980008,km
SAT1,NASA_WAL,Tropics,1177,FFSS_22.0_FOR,Soil Moisture,184,2020-01-01T03:19:14.598,2020-01-01T03:19:14.869,2020-01-01T15:19:14.598,2020-01-01T05:02:24.000,18144.0,Accuracy,0.017,0.01,0.05,%,Infinity,%,Spatial,0.75,0.5,1.0,km,4825.617705980008,km,Temporal,10.0,6.0,12.0,hrs,1.7192029189797229,hrs
SAT1,NASA_WAL,Tropics,1178,FFSS,Nominal Measurement,nil,nil,nil,nil,2020-01-01T05:03:47.000,18227.0,spatial,500.0,500.0,500.0,km,6344.007321013375,km
SAT1,NASA_WAL,Tropics,1179,FFSS,Nominal Measurement,nil,nil,nil,nil,2020-01-01T05:05:10.000,18310.0,spatial,500.0,500.0,500.0,km,6619.021434490896,km
SAT1,SANSA_SA,Tropics,1180,FFSS,Nominal Measurement,nil,nil,nil,nil,2020-01-01T05:06:35.000,18395.0,spatial,500.0,500.0,500.0,km,6750.615437626617,km
SAT1,SANSA_SA,Tropics,1181,FFSS,Nominal Measurement,nil,nil,nil,nil,2020-01-01T05:07:59.000,18479.0,spatial,500.0,500.0,500.0,km,6694.40117755323,km
SAT1,SANSA_SA,Tropics,1182,FFSS,Nominal Measurement,nil,nil,nil,nil,2020-01-01T05:09:22.000,18562.0,spatial,500.0,500.0,500.0,km,5754.201965611169,km
SAT1,SANSA_SA,Tropics,1182,FFSS_22.0_FOR,Soil Moisture,122,2020-01-01T02:12:29.530,2020-01-01T02:12:29.911,2020-01-01T14:12:29.530,2020-01-01T05:09:22.000,18562.0,Accuracy,0.017,0.01,0.05,%,Infinity,%,Spatial,0.75,0.5,1.0,km,5754.201965611169,km,Temporal,10.0,6.0,12.0,hrs,2.9478024810816557,hrs
SAT1,SANSA_SA,Tropics,1183,FFSS_22.0_FOR,Soil Moisture,25,2020-01-01T00:18:41.420,2020-01-01T00:18:42.755,2020-01-01T12:18:41.420,2020-01-01T05:10:43.000,18643.0,Accuracy,0.017,0.01,0.05,%,Infinity,%,Spatial,0.75,0.5,1.0,km,4218.176121634365,km,Temporal,10.0,6.0,12.0,hrs,4.866734662705457,hrs
SAT1,SANSA_SA,Tropics,1183,FFSS_22.0_FOR,Soil Moisture,87,2020-01-01T01:33:15.780,2020-01-01T01:33:16.004,2020-01-01T13:33:15.780,2020-01-01T05:10:43.000,18643.0,Accuracy,0.017,0.01,0.05,%,Infinity,%,Spatial,0.75,0.5,1.0,km,4218.176121634365,km,Temporal,10.0,6.0,12.0,hrs,3.624165623296128,hrs
SAT1,SANSA_SA,Tropics,1129,FFSS,Nominal Measurement,nil,nil,nil,nil,2020-01-01T05:11:39.000,18699.0,spatial,500.0,500.0,500.0,km,4853.218999466265,km
SAT1,SANSA_SA,Tropics,1130,FFSS,Nominal Measurement,nil,nil,nil,nil,2020-01-01T05:12:57.000,18777.0,spatial,500.0,500.0,500.0,km,6680.391374088664,km
SAT1,SANSA_SA,Tropics,1074,FFSS,Nominal Measurement,nil,nil,nil,nil,2020-01-01T05:15:57.000,18957.0,spatial,500.0,500.0,500.0,km,6523.472238888826,km
SAT1,SANSA_SA,Tropics,1015,FFSS,Nominal Measurement,nil,nil,nil,nil,2020-01-01T05:18:22.000,19102.0,spatial,500.0,500.0,500.0,km,6260.007327158664,km
SAT1,SANSA_SA,Tropics,1015,FFSS_22.0_FOR,Soil Moisture,38,2020-01-01T00:30:50.456,2020-01-01T00:30:50.884,2020-01-01T12:30:50.456,2020-01-01T05:18:22.000,19102.0,Accuracy,0.017,0.01,0.05,%,Infinity,%,Spatial,0.75,0.5,1.0,km,6260.007327158664,km,Temporal,10.0,6.0,12.0,hrs,4.791976566282858,hrs
SAT1,SANSA_SA,Tropics,952,FFSS,Nominal Measurement,nil,nil,nil,nil,2020-01-01T05:20:03.000,19203.0,spatial,500.0,500.0,500.0,km,6052.3375621910045,km
SAT1,SANSA_SA,Tropics,887,FFSS,Nominal Measurement,nil,nil,nil,nil,2020-01-01T05:22:09.000,19329.0,spatial,500.0,500.0,500.0,km,6199.7650193533755,km
SAT1,SANSA_SA,Tropics,818,FFSS_22.0_FOR,Soil Moisture,52,2020-01-01T00:52:19.775,2020-01-01T00:52:19.887,2020-01-01T12:52:19.775,2020-01-01T05:23:11.000,19391.0,Accuracy,0.017,0.01,0.05,%,Infinity,%,Spatial,0.75,0.5,1.0,km,3375.4119031614473,km,Temporal,10.0,6.0,12.0,hrs,4.514197957795723,hrs
SAT1,SANSA_SA,Tropics,819,FFSS,Nominal Measurement,nil,nil,nil,nil,2020-01-01T05:24:14.000,19454.0,spatial,500.0,500.0,500.0,km,6678.263547206811,km
SAT1,SANSA_SA,Tropics,749,FFSS,Nominal Measurement,nil,nil,nil,nil,2020-01-01T05:25:43.000,19543.0,spatial,500.0,500.0,500.0,km,4875.648234362262,km
SAT1,SANSA_SA,Tropics,679,FFSS,Nominal Measurement,nil,nil,nil,nil,2020-01-01T05:28:12.000,19692.0,spatial,500.0,500.0,500.0,km,6242.216127788086,km
SAT1,SANSA_SA,Tropics,608,FFSS,Nominal Measurement,nil,nil,nil,nil,2020-01-01T05:29:41.000,19781.0,spatial,500.0,500.0,500.0,km,6123.522520849043,km
SAT1,SANSA_SA,Tropics,537,FFSS,Nominal Measurement,nil,nil,nil,nil,2020-01-01T05:32:06.000,19926.0,spatial,500.0,500.0,500.0,km,5184.466627867514,km
SAT1,SANSA_SA,Tropics,396,FFSS,Nominal Measurement,nil,nil,nil,nil,2020-01-01T05:35:02.000,20102.0,spatial,500.0,500.0,500.0,km,4990.1014801456895,km
SAT1,SANSA_SA,Tropics,396,FFSS_22.0_FOR,Soil Moisture,155,2020-01-01T02:49:23.854,2020-01-01T02:49:24.036,2020-01-01T14:49:23.854,2020-01-01T05:35:02.000,20102.0,Accuracy,0.017,0.01,0.05,%,Infinity,%,Spatial,0.75,0.5,1.0,km,4990.1014801456895,km,Temporal,10.0,6.0,12.0,hrs,2.760545467041033,hrs
SAT1,SANSA_SA,Tropics,329,FFSS,Nominal Measurement,nil,nil,nil,nil,2020-01-01T05:37:03.000,20223.0,spatial,500.0,500.0,500.0,km,5437.152694246624,km
SAT1,SANSA_SA,Tropics,329,FFSS_22.0_FOR,Soil Moisture,101,2020-01-01T01:46:57.798,2020-01-01T01:46:57.851,2020-01-01T13:46:57.798,2020-01-01T05:37:03.000,20223.0,Accuracy,0.017,0.01,0.05,%,Infinity,%,Spatial,0.75,0.5,1.0,km,5437.152694246624,km,Temporal,10.0,6.0,12.0,hrs,3.8347635140356497,hrs
SAT1,SSC_AUS,Tropics,264,FFSS,Nominal Measurement,nil,nil,nil,nil,2020-01-01T05:39:05.000,20345.0,spatial,500.0,500.0,500.0,km,5590.798547280942,km
SAT1,SSC_AUS,Tropics,202,FFSS_22.0_FOR,Soil Moisture,86,2020-01-01T01:29:15.970,2020-01-01T01:29:15.996,2020-01-01T13:29:15.970,2020-01-01T05:41:48.000,20508.0,Accuracy,0.017,0.01,0.05,%,Infinity,%,Spatial,0.75,0.5,1.0,km,6571.485651560805,km,Temporal,10.0,6.0,12.0,hrs,4.2088898886678585,hrs
SAT1,SSC_AUS,Tropics,202,FFSS,Nominal Measurement,nil,nil,nil,nil,2020-01-01T05:41:48.000,20508.0,spatial,500.0,500.0,500.0,km,6571.485651560805,km
SAT1,SSC_AUS,Tropics,203,FFSS_22.0_FOR,Soil Moisture,128,2020-01-01T02:18:09.811,2020-01-01T02:18:10.169,2020-01-01T14:18:09.811,2020-01-01T05:42:56.000,20576.0,Accuracy,0.017,0.01,0.05,%,Infinity,%,Spatial,0.75,0.5,1.0,km,3557.9345310574054,km,Temporal,10.0,6.0,12.0,hrs,3.4127307296026173,hrs
SAT1,SSC_AUS,Tropics,142,FFSS,Nominal Measurement,nil,nil,nil,nil,2020-01-01T05:44:08.000,20648.0,spatial,500.0,500.0,500.0,km,6581.771844210752,km
SAT1,SSC_AUS,Tropics,143,FFSS_22.0_FOR,Soil Moisture,316,2020-01-01T05:38:48.699,2020-01-01T05:38:49.090,2020-01-01T17:38:48.699,2020-01-01T05:45:22.000,20722.0,Accuracy,0.017,0.01,0.05,%,Infinity,%,Spatial,0.75,0.5,1.0,km,3901.4844463676254,km,Temporal,10.0,6.0,12.0,hrs,0.10914172932767344,hrs
SAT1,SSC_AUS,Tropics,86,FFSS,Nominal Measurement,nil,nil,nil,nil,2020-01-01T05:47:04.000,20824.0,spatial,500.0,500.0,500.0,km,6645.90438333113,km
SAT1,SSC_AUS,Tropics,32,FFSS_22.0_FOR,Soil Moisture,82,2020-01-01T01:26:14.466,2020-01-01T01:26:14.471,2020-01-01T13:26:14.466,2020-01-01T05:47:49.000,20869.0,Accuracy,0.017,0.01,0.05,%,Infinity,%,Spatial,0.75,0.5,1.0,km,3326.2498523092445,km,Temporal,10.0,6.0,12.0,hrs,4.3595914337074495,hrs
SAT1,SSC_AUS,Tropics,32,FFSS_22.0_FOR,Soil Moisture,187,2020-01-01T03:20:03.481,2020-01-01T03:20:03.827,2020-01-01T15:20:03.481,2020-01-01T05:47:49.000,20869.0,Accuracy,0.017,0.01,0.05,%,Infinity,%,Spatial,0.75,0.5,1.0,km,3326.2498523092445,km,Temporal,10.0,6.0,12.0,hrs,2.4625480908975024,hrs
SAT1,SSC_AUS,Tropics,88,FFSS_22.0_FOR,Soil Moisture,14,2020-01-01T00:10:43.148,2020-01-01T00:10:43.296,2020-01-01T12:10:43.148,2020-01-01T05:49:41.000,20981.0,Accuracy,0.017,0.01,0.05,%,Infinity,%,Spatial,0.75,0.5,1.0,km,3516.2394603925554,km,Temporal,10.0,6.0,12.0,hrs,5.649362144762813,hrs
SAT1,SSC_AUS,Tropics,34,FFSS,Nominal Measurement,nil,nil,nil,nil,2020-01-01T05:50:31.000,21031.0,spatial,500.0,500.0,500.0,km,5893.873631932136,km
SAT1,SSC_AUS,Tropics,35,FFSS,Nominal Measurement,nil,nil,nil,nil,2020-01-01T05:51:54.000,21114.0,spatial,500.0,500.0,500.0,km,6615.506039369047,km
SAT1,SSC_AUS,Tropics,36,FFSS,Nominal Measurement,nil,nil,nil,nil,2020-01-01T05:53:18.000,21198.0,spatial,500.0,500.0,500.0,km,6579.741653108724,km
SAT1,SSC_AUS,Tropics,37,FFSS,Nominal Measurement,nil,nil,nil,nil,2020-01-01T05:54:43.000,21283.0,spatial,500.0,500.0,500.0,km,6760.288846760752,km
SAT1,SSC_AUS,Tropics,37,FFSS_22.0_FOR,Soil Moisture,144,2020-01-01T02:40:14.543,2020-01-01T02:40:14.725,2020-01-01T14:40:14.543,2020-01-01T05:54:43.000,21283.0,Accuracy,0.017,0.01,0.05,%,Infinity,%,Spatial,0.75,0.5,1.0,km,6760.288846760752,km,Temporal,10.0,6.0,12.0,hrs,3.2411873745304964,hrs
SAT1,SSC_AUS,Tropics,38,FFSS_22.0_FOR,Soil Moisture,168,2020-01-01T03:01:40.913,2020-01-01T03:01:41.289,2020-01-01T15:01:40.913,2020-01-01T05:56:06.000,21366.0,Accuracy,0.017,0.01,0.05,%,Infinity,%,Spatial,0.75,0.5,1.0,km,6140.628802286168,km,Temporal,10.0,6.0,12.0,hrs,2.906864060123673,hrs
SAT1,SSC_AUS,Tropics,38,FFSS,Nominal Measurement,nil,nil,nil,nil,2020-01-01T05:56:06.000,21366.0,spatial,500.0,500.0,500.0,km,6140.628802286168,km
SAT1,SSC_AUS,Tropics,40,FFSS_22.0_FOR,Soil Moisture,295,2020-01-01T05:20:57.012,2020-01-01T05:20:57.185,2020-01-01T17:20:57.012,2020-01-01T05:58:48.000,21528.0,Accuracy,0.017,0.01,0.05,%,Infinity,%,Spatial,0.75,0.5,1.0,km,3509.7330108441083,km,Temporal,10.0,6.0,12.0,hrs,0.6307819052986254,hrs
SAT1,SSC_AUS,Tropics,95,FFSS,Nominal Measurement,nil,nil,nil,nil,2020-01-01T05:59:17.000,21557.0,spatial,500.0,500.0,500.0,km,5585.93805468391,km
